AddressID,Street,City,State,ZipCode
21,15896 Olson Locks Suite 443,Port Cynthia,HI,56293
22,29728 Edward Mountain,Johnport,GA,28736
23,97712 Ray Corners Suite 988,Williamsview,MP,15307
24,02169 Morgan Plains,New Melissa,RI,12370
25,9737 Johnson Fields,Brownberg,AZ,52934
26,06223 Suarez Roads Suite 076,Jeffreystad,NE,77608
27,1088 Matthew Coves,Middletonside,LA,10580
28,99027 Watkins Hills,New Donald,KY,66111
29,0884 Grant Field Suite 738,East Jason,SD,33652
30,566 Patrick Junctions Apt. 254,Wallland,NJ,21880
31,77032 Johnson Crossroad,Scottstad,OH,49755
32,9740 James Loop Apt. 501,Douglasborough,NC,6178
33,464 William Circles,East Seanhaven,AK,20868
34,639 Shannon Isle,East Kristinton,AL,37963
35,47948 Clarke Glens,Ronaldfort,DC,45735
36,6105 Russell Ports Apt. 045,West Anna,OH,69543
37,978 Anna Track Suite 149,New Bruce,WA,54275
38,5530 Christopher Ways Apt. 929,Edwinburgh,MI,61924
39,841 Travis Shoals,Carltown,LA,48178
40,337 Booth Walk Apt. 663,South Nicholas,FM,44872
