DeliveryPersonID,FirstName,LastName,Email,ContactNumber
1,Rachel,Collier,david48@example.net,3678115997
2,Matthew,Wilkins,lisa04@example.com,2810412068
3,Sherry,Fox,alyssa61@example.net,2428154524
4,Steven,Herman,rickey55@example.net,2639851983
5,Lisa,Reid,jay63@example.com,8195522404
6,Seth,Clark,tnavarro@example.com,9374241815
7,Victor,Kirby,rothanna@example.org,7344514381
8,Robert,Taylor,jacksonrobert@example.com,9416719020
9,Andrew,Williams,christopherjimenez@example.org,7818044660
10,Andrew,Chaney,bruce66@example.org,9246796237
11,Steven,Flowers,daniellebennett@example.com,7738898686
12,Lindsay,Rush,fjenkins@example.org,1303920210
13,Adriana,Howell,john30@example.net,7982954126
14,Cameron,Fernandez,jasminemcdonald@example.org,3077470898
15,Nicole,Manning,nbird@example.com,6598740044
16,Steven,Morrison,cathy93@example.com,5594055056
17,Evan,Baker,fullerpatricia@example.net,3223310586
18,Danielle,Anderson,christine26@example.net,9807142375
19,Robin,Baker,dennisrichard@example.org,6752283250
20,Thomas,White,warrendavid@example.com,5715435522
