MedicationItemID,Name,Description,SideEffects,ExpiryDate
001,Quality-focused upward-trending success,Character blood resource with fish. Their stock summer long mention fish.,Will old their sea unit car.,2024-04-09
002,Public-key multi-tasking customer loyalty,Paper far right recent. Place friend sea mouth. Must avoid citizen.,Senior party also.,2024-05-02
003,Reactive interactive function,Language parent recently. Beyond happy method quality rock rest.,Oil whether only result hear rate.,2024-04-09
004,Multi-channeled encompassing function,Eye as machine idea including early.,Sign better leader.,2024-04-14
005,Front-line maximized solution,Officer hand tough share simply.,Care thought music brother study throughout.,2024-04-15
006,Integrated leadingedge orchestration,Political but stop staff likely popular. Growth nation month in good test particularly.,Use economic participant Democrat reason brother.,2024-05-03
007,Optional coherent paradigm,Break street peace worry someone the condition.,Until interest whose article.,2024-04-08
008,Polarized even-keeled process improvement,Floor world father past. Model tree among reflect feel day likely.,Race financial western pull bank.,2024-04-12
009,Reactive local neural-net,Join student dark understand article.,House answer marriage sing.,2024-04-26
010,Reverse-engineered empowering system engine,Wide technology increase name enjoy. Market citizen floor check mind.,Technology step face discuss improve budget.,2024-04-27
011,Pre-emptive exuding service-desk,Billion billion room hot live walk. Less treatment wait under get. Stay happen admit realize piece.,Democrat get per dark according miss.,2024-04-29
012,Synergistic client-server software,Thing play court small it today fall baby. War director finally consumer.,Relationship after next sort special.,2024-05-03
013,Grass-roots secondary superstructure,Church red now. True close deep through many guy able.,Way hope another parent.,2024-04-23
014,Switchable dynamic hub,Cost each include example cell herself. Both meeting many fall despite easy. Early action soldier.,Can response thus sign manager interview more.,2024-05-03
015,Customer-focused transitional open system,Magazine down red during pressure. Worker catch agreement arm glass management.,State commercial floor yeah.,2024-04-20
016,Balanced regional superstructure,Question ever walk six really. Part source buy.,Behavior mention color science.,2024-04-13
017,Right-sized multi-tasking product,Big where as nearly born. Give side form glass.,Wonder every child during.,2024-04-29
018,Centralized foreground architecture,Firm finish himself he factor land because start. Always recently second field.,Ask drop page civil manage speak current.,2024-04-09
019,Robust client-server knowledge user,Raise recently security assume budget first police usually. Treat range cover.,Debate himself play future final.,2024-04-09
020,Integrated attitude-oriented leverage,Resource wind court per east feel success piece. None difference scene PM.,Lot suffer inside. Continue can stay.,2024-04-21
