PatientID,AddressID,FirstName,LastName,Email,ContactNumber,PreviousPurchase
1,1,Adam,Harris,adamvance@example.org,3678115997,0
2,2,Kurt,Foster,mary41@example.com,2810412068,0
3,3,Caroline,Curry,veronica21@example.com,2428154524,1
4,4,Brandy,Baird,gravesmark@example.com,2639851983,1
5,5,Pam,Miller,hhoward@example.com,8195522404,0
6,6,Jennifer,Barnett,andersonjulie@example.com,9374241815,1
7,7,Sherri,Lopez,smithbianca@example.com,7344514381,0
8,8,Sarah,Wiggins,alyssathompson@example.com,9416719020,1
9,9,Stephen,Huffman,ncastillo@example.com,7818044660,0
10,10,Ashley,Estrada,cunninghamamber@example.org,9246796237,0
11,11,Lisa,Green,danielrichardson@example.org,7738898686,1
12,12,Joseph,Carter,jessicathomas@example.com,1303920210,0
13,13,Jonathan,Martinez,uhubbard@example.com,7982954126,0
14,14,Patricia,Beard,arnoldshannon@example.org,3077470898,1
15,15,Michael,Hall,alexandraflores@example.com,6598740044,1
16,16,Samantha,Smith,ngraham@example.net,5594055056,1
17,17,Danielle,Walker,wangdonald@example.org,3223310586,1
18,18,Jessica,Barnett,austin24@example.net,9807142375,0
19,19,Jerry,Harrison,michelle46@example.org,6752283250,1
20,20,Tracy,Mcclure,richardbarton@example.com,5715435522,0
