PharmacyID,ShopName,ShopStreet,ShopCity,ShopState,ShopZipCode,PhoneNumber
21,Randolph Ltd,829 Davis Fork,Ashleytown,MO,91355,3678115997
22,Smith and Sons,9907 Brian Forge,Lake Katie,MP,41574,2810412068
23,"Ramsey, Martinez and Campbell",70659 Henson Island Apt. 499,West Susanborough,MA,95420,2428154524
24,"Gilbert, Solis and Miller",9024 Nixon Field Apt. 028,South Kathrynmouth,PR,8927,2639851983
25,Jensen Inc,624 Jeffrey Fork,Pittsburgh,NC,28015,8195522404
26,Nelson-West,29860 Justin Islands Apt. 265,Josephshire,IA,11336,9374241815
27,Garcia Ltd,582 Darrell Highway,Mitchellberg,ID,37840,7344514381
28,Robinson-Fitzgerald,13975 Jonathan Centers,Port Scottland,AZ,80159,9416719020
29,Hernandez Ltd,7952 Powell Stream Apt. 829,East Kaylamouth,VI,35540,7818044660
30,Stanton-Walker,09100 Darren Branch,Melissamouth,OH,58530,9246796237
31,Perez LLC,881 Reed Hill,Deannatown,CT,65773,7738898686
32,Martinez LLC,220 Michelle Forges Apt. 946,Ellisstad,AL,58477,1303920210
33,Turner LLC,845 Timothy Plains,North Samanthaland,OK,8183,7982954126
34,"Dixon, Brewer and Houston",98774 Rowland Mountain,Forbesmouth,MO,85725,3077470898
35,"Lutz, Park and Davis",0303 Douglas Forge,Lake Michele,MP,76262,6598740044
36,"Wilson, Cruz and Gray",94142 Brandy Spurs Apt. 203,Aguilarview,MA,72780,5594055056
37,"Ali, Oliver and Mendez",137 Downs Wall,Wallacebury,AL,84038,3223310586
38,Klein LLC,23729 Nelson Terrace,Bakerchester,MT,67101,9807142375
39,Rangel PLC,1211 Stephen Run Suite 253,East Veronicamouth,HI,49266,6752283250
40,Duffy Group,68694 Thompson Summit,Bellshire,CA,9372,5715435522
