PhysicianID,Name,Specialty,PhoneNumber,VisitingHospital
1,Victoria Norris,"Surveyor, mining",3678115997,Johnson-Tucker
2,Julia Harris,Research scientist (medical),2810412068,Mendez-Flores
3,Brandi Harrell,Wellsite geologist,2428154524,"Hanna, Harrington and Morris"
4,Kenneth Hogan,Forensic psychologist,2639851983,Flynn-Cole
5,Zachary Cox,Field seismologist,8195522404,Ramsey-Washington
6,Heather Bruce,Risk analyst,9374241815,"Anderson, Gibson and Jones"
7,Philip Zimmerman,Community development worker,7344514381,"Garrett, Sanders and Hughes"
8,Francisco Rodriguez,Waste management officer,9416719020,Dickson-Bradley
9,Megan Garrison,Museum/gallery exhibitions officer,7818044660,Cordova-Soto
10,Katie Prince,Midwife,9246796237,Perez-Davis
11,Abigail Mooney,Colour technologist,7738898686,Michael-Williams
12,Kelsey Moses,"Engineer, manufacturing",1303920210,"Oconnell, Serrano and Haynes"
13,Alexis Mason,Pathologist,7982954126,Hart LLC
14,Christy Marshall,"Surveyor, minerals",3077470898,"Robbins, Hernandez and Williamson"
15,Daniel Powell,Local government officer,6598740044,Bates-Jones
16,Jared Green,Chief Technology Officer,5594055056,Sanchez LLC
17,Dana Edwards,Physiotherapist,3223310586,"Gomez, Hernandez and Patterson"
18,Kevin Skinner,Training and development officer,9807142375,Patrick PLC
19,Emma Olson,"Engineer, petroleum",6752283250,"Miller, Patterson and Long"
20,Amy Braun,Energy manager,5715435522,Moore-Garcia
