AddressID,Street,City,State,ZipCode
1,73413 Harris Inlet,Traciehaven,KS,36008
2,6947 Emily Drive Suite 947,East Stephanie,VT,24754
3,47000 Doris Lock Apt. 408,Lake Jacobport,NJ,82018
4,36304 Ball Lodge Apt. 279,East Royport,TX,40394
5,734 Mcdowell Causeway,West Sheri,PA,98030
6,81743 Christine Tunnel,Stuartside,IN,98216
7,26761 Choi Rest Apt. 840,Bartlettmouth,WA,38180
8,25516 Reeves Oval Apt. 094,East Zachary,SD,12675
9,84727 Steven Springs,New Jennifer,CO,95564
10,079 Rivera Shoals,Terryton,PW,92938
11,29403 Williams Glens Suite 627,South Carlchester,WV,85782
12,103 Carl Meadows Suite 765,New Tony,PR,45524
13,0886 David Mount,West Keithtown,NV,47023
14,326 Woods Port,South Luis,RI,20209
15,41712 Natasha Gardens Apt. 706,West Allenborough,KY,75112
16,4416 Jessica Locks,New Danielshire,MA,91604
17,132 Allison Spur,Hillchester,UT,73663
18,161 Duke Gardens Suite 288,East Morganview,MA,11722
19,1720 Anne Village Suite 454,New Rhonda,NH,07254
20,58993 Charles Expressway,South Erichaven,MT,79302
