DeliveryPersonID,FirstName,LastName,Email,ContactNumber
1,Ariana,Reed,michelle45@example.org,256311941
2,Ana,Shelton,iprince@example.org,4597147111
3,Melinda,Collins,nsmith@example.net,7309881075
4,Jessica,Nielsen,sarascott@example.com,7707126359
5,Marc,Evans,emma23@example.com,3624974639
6,Laura,Parsons,christophersmith@example.net,8066726230
7,Anthony,Wallace,zsanchez@example.net,6595474109
8,Jennifer,Gonzalez,nicholsbrittany@example.net,9366094108
9,Ian,Roberts,umason@example.com,2533069247
10,Jessica,Gonzalez,briannagonzalez@example.net,2533069247
11,Jennifer,Riggs,mcdanielkathleen@example.org,9856295114
12,Jonathan,Russell,mcculloughelizabeth@example.org,9239964912
13,Joshua,Singleton,david27@example.net,4643253129
14,Robin,Ward,sboyle@example.net,4062615857
15,Tiffany,Thomas,russell27@example.net,4644373965
16,Jeremy,Kelly,payneamanda@example.com,8776636915
17,Anna,Harris,theresa26@example.com,4336402678
18,Justin,Keith,dana01@example.org,2615178283
19,Veronica,Mcclain,samuel99@example.com,4249619559
20,Jacob,Baker,fryeamy@example.com,3272972123
