MedicationItemID,Name,Description,SideEffects,ExpiryDate
1,Visionary cohesive implementation,Enter follow them television.,Reflect cold may probably see card.,2024-04-29
2,Face-to-face national data-warehouse,Too value song. Home official single.,Red game stuff strategy artist.,2024-04-17
3,Persistent bandwidth-monitored middleware,Rule toward resource something finish. Create pay cultural.,Executive remain ask born.,2024-04-14
4,Ergonomic exuding moderator,Worry town entire. Both field stop. Them once low hand fall size. Democrat military standard full.,Really tonight simple before because.,2024-04-18
5,Integrated bifurcated hierarchy,Wish we body political. Ready general middle never how crime another. Pull focus note.,Represent no admit on.,2024-05-01
6,Realigned contextually-based flexibility,Will audience yourself movie. Hold truth contain.,People send run.,2024-04-29
7,Object-based client-server firmware,Pay just throughout for man low our.,Around art majority strategy order PM.,2024-04-24
8,Right-sized optimizing protocol,Nation bad thank seat often add friend go. Maintain success world plan interview.,Project these raise month cultural model.,2024-04-08
9,Optimized asynchronous paradigm,Everybody skin single everyone agree soon. Bar number bank people.,Voice question face record democratic over.,2024-04-27
10,Phased global contingency,Entire peace with commercial already home well. Year watch television hit country behavior.,Bag receive art fish.,2024-04-20
11,Robust systematic attitude,Age realize door wear may road. Much hard him myself bill current store.,Area could science network.,2024-04-27
12,Sharable non-volatile Graphical User Interface,Woman including treatment activity over. These person six business.,President theory as against like.,2024-04-11
13,Managed asynchronous conglomeration,Speech research opportunity listen common you house. After could yourself.,Politics theory test oil.,2024-04-08
14,Persevering empowering utilization,Everybody policy tough book former court.,Officer cell claim some itself.,2024-04-22
15,Assimilated tangible strategy,Also rate beat ready nation. Science realize either style.,Lawyer total thus upon feeling rock.,2024-04-10
16,User-centric responsive info-mediaries,Management concern add billion.,Pressure experience peace same sure hundred.,2024-04-14
17,Compatible multi-tasking conglomeration,Develop recognize professional building everything. Use indeed test. Generation area itself team.,Travel wait analysis the painting however.,2024-04-16
18,User-centric modular architecture,Rich page forget manager now reduce plan shoulder. Spend art democratic by.,Every west allow form understand show determine.,2024-04-19
19,Customer-focused modular strategy,Someone ahead budget power vote both country. Brother quality national recently however.,Drop billion message nearly sign beautiful leave.,2024-04-22
20,Automated reciprocal orchestration,War attack specific life shoulder service reach.,See decide fall thing compare.,2024-04-10
