PatientID,AddressID,FirstName,LastName,Email,ContactNumber,PreviousPurchase,BirthDate
1,1,Dale,Goodwin,tyler63@example.com,256311941,0,11-10-1958
2,2,Christine,Hernandez,jflores@example.org,4597147111,0,09-10-1959
3,3,Jose,Morgan,wheelerashley@example.org,7309881075,1,07-12-2005
4,4,Colin,Green,douglaslewis@example.net,7707126359,0,04-07-1968
5,5,Thomas,Thomas,walkersarah@example.org,3624974639,1,05-02-1995
6,6,Jennifer,Wright,davisjennifer@example.org,8066726230,1,19-03-1988
7,7,Lisa,Lowery,cynthia70@example.org,6595474109,1,11-08-1941
8,8,Andrew,Landry,oliviajackson@example.com,9366094108,0,12-06-1973
9,9,Mark,Haynes,jenningsryan@example.com,2533069247,0,04-10-1952
10,10,Wayne,Roberts,ashleyhicks@example.net,2533069247,1,15-07-1969
11,11,Sara,Terry,kristinasnow@example.org,9856295114,1,14-02-1987
12,12,Paige,Jenkins,andreawarren@example.com,9239964912,0,30-01-1979
13,13,Jessica,Bauer,rbrewer@example.net,4643253129,1,27-07-1992
14,14,Joshua,Lozano,raymond36@example.org,4062615857,1,14-09-1940
15,15,Katherine,Ross,syoung@example.org,4644373965,0,11-06-1991
16,16,Amanda,Parker,michelemoore@example.net,8776636915,0,27-11-2003
17,17,Lonnie,Barnett,sarah99@example.org,4336402678,1,10-12-2005
18,18,Richard,Murray,brandonrice@example.org,2615178283,1,17-03-2006
19,19,Sean,Wilson,danakelley@example.net,4249619559,0,19-01-2004
20,20,Brendan,Cox,sheri95@example.com,3272972123,0,21-12-1939
