PharmacyID,ShopName,ShopStreet,ShopCity,ShopState,ShopZipCode,PhoneNumber
1,Benson Inc,100 Wagner Cliffs,Kimside,WI,20450,251.923.9262x24478
2,"Miller, Chavez and Wilson",9233 Samantha Alley,West Dennis,GA,36939,001-446-668-4027x473
3,Perry Ltd,67951 Saunders Flat,Lorimouth,AL,59250,(346)940-4144x469
4,"Brown, Mueller and Haas",43862 Harding Squares Apt. 818,Lake Samuel,NM,19681,001-635-409-1569x063
5,Martin-Shelton,65197 Jason Court,West Josephview,WY,42594,+1-538-958-8300x207
6,Johnson-Morris,0785 Carrie Hill,Lake Kyle,VA,12655,604.988.0748x0069
7,"Cline, Flowers and Wallace",648 Richards Rapid Suite 934,North Eric,OR,22718,001-447-610-1701x01433
8,"Cox, Long and Lester",25545 Mark Row Suite 078,Port Sherryview,FL,46306,001-202-613-7323x06717
9,"Simpson, Silva and Hendrix",6711 Hebert Island,Port Donaldville,PR,14022,001-837-862-8296x6250
10,Davis Group,816 Brian Falls Apt. 306,Hallfurt,TN,14081,479.269.8943
11,Young and Sons,5653 Patrick Extensions,Joshuachester,AS,34347,626.682.9717x186
12,Hoffman-Nelson,847 Lauren Isle Apt. 944,Elizabethchester,GU,29936,825-563-6454x101
13,"Wilson, Schneider and Miller",584 Hunter Spur Suite 099,North Christina,SD,72984,5068398260
14,"Byrd, Velasquez and Luna",1192 Katherine Rest Apt. 307,Marshfort,NV,61522,001-635-250-7243x50726
15,Romero-Joseph,539 Rivera Crossing,Dawnfurt,SD,22962,001-210-673-4936x867
16,Brewer Ltd,45345 Reilly Wells,Mcgrathhaven,MN,30143,001-321-448-1221x24308
17,Sims-Black,1354 Taylor Viaduct Apt. 973,Adrianton,RI,46533,+1-403-427-9566x3589
18,Davis PLC,66060 Jessica Brooks Suite 250,Latoyaside,AR,79429,(842)297-7239
19,"Mercado, Meadows and Tyler",131 Mitchell Plaza Suite 509,Lake Jacob,OK,70682,852.746.6698
20,"Thomas, Kelly and Padilla",6341 Alexander Dam,South Steven,MD,83625,576-981-9747x4253
