PhysicianID,Name,Specialty,PhoneNumber,VisitingHospital
1,Kayla Bell,"Horticulturist, commercial",256311941,Morgan-Rangel
2,Robert Hudson,Ergonomist,4597147111,"Kirby, Thompson and Evans"
3,Molly Burke,"Conservation officer, nature",7309881075,Dean-Gibson
4,Danielle Casey,"Pharmacist, community",7707126359,"Adams, Martin and Wright"
5,Robert Lopez,"Administrator, arts",3624974639,Montgomery-Ewing
6,Joseph Robinson,Museum/gallery curator,8066726230,Baldwin-Shelton
7,Yolanda Gordon,Horticultural therapist,6595474109,Reed Inc
8,Cristina Valdez,"Therapist, drama",9366094108,Ross-Johnson
9,Samuel Harper,Tax inspector,2533069247,Dougherty Ltd
10,Richard Scott,Maintenance engineer,2533069247,"Lester, Williams and Stevens"
11,Kristen Hicks,Estate manager/land agent,9856295114,Welch PLC
12,Mr. Wyatt Bishop Jr.,Dietitian,9239964912,"Wright, Wu and Bradshaw"
13,Elizabeth Cook,"Engineer, manufacturing systems",9731890423,Newton-Ramos
14,Michelle Reyes,"Nurse, mental health",4062615857,Jackson Group
15,Karen Gomez,Medical technical officer,4644373965,Moore and Sons
16,Thomas Riley,Field trials officer,8776636915,Hawkins and Sons
17,Crystal Anderson,Police officer,4336402678,Lewis-Bryant
18,Courtney Pittman,Advertising account executive,2615178283,Willis Inc
19,Kyle Sellers,Hydrologist,4249619559,Liu-Mckinney
20,Sabrina Williams,"Education officer, museum",3272972123,Flores Ltd
