PrescriptionID,PatientID,PhysicianID,DateIssued,Dosage,MedicationItemID
1,9,7,28-07-2011,Natural huge use wish few long.,7
2,19,12,05-04-1983,Better drug finish simple.,12
3,12,20,04-07-2006,True still event level example agency.,20
4,10,19,26-10-2020,That analysis off ball kid dog central better.,19
5,2,11,16-05-1996,Determine cup individual personal write leave impact form.,11
6,6,10,01-04-2002,Reveal yet stand us.,10
7,2,9,15-06-2011,World common third modern of.,9
8,6,12,03-07-1981,Nature way amount other usually too high.,12
9,16,5,16-04-2012,Especially attention focus threat raise however.,5
10,7,7,24-08-2013,Week clear form blue play market performance.,7
11,15,5,27-08-1979,Man key could rather not both easy.,5
12,13,2,05-09-2017,Tree special certain material especially.,2
13,17,7,27-01-1975,With culture than whatever scene crime agree.,7
14,14,5,09-09-1985,Among politics clearly agree other material become southern.,5
15,3,18,03-07-1977,Government education go remember rate.,18
16,3,7,02-03-1996,Writer or rich course.,7
17,19,14,04-10-1995,Wide last tax.,14
18,5,16,26-04-2009,Democratic audience medical agency do.,16
19,19,9,22-07-2015,Use the significant can top subject job.,9
20,6,14,02-06-1980,Yard whether ever talk support if.,14
