SupplierID,SupplierFirstName,SupplierLastName,ContactNumber,SupplierEmail,SupplierStreet,SupplierCity,SupplierState,SupplierZipCode
1,Christopher,Delgado,256311941,brian39@example.net,1934 Mcfarland Via,Lake Davidtown,CT,97143
2,Laurie,King,4597147111,gadams@example.net,24004 Erica Burgs,Anitaside,IA,45196
3,David,Robinson,7309881075,william72@example.net,3019 Norris Forest Suite 134,Riggsville,NV,57309
4,Lisa,Melton,7707126359,heidi92@example.net,075 Janet Mission Apt. 934,South Christopherchester,NV,1769
5,Michelle,Hood,3624974639,harrisstephen@example.com,848 Sims Brooks Apt. 957,South Kimberlyland,FL,61183
6,Christopher,Harris,8066726230,elizabethdouglas@example.com,776 Scott Manors Apt. 656,Gabrielfort,PA,49913
7,Brandi,Barker,6595474109,jessica99@example.org,951 William Divide,North Donnatown,PW,6665
8,Stanley,Lowe,9366094108,kwallace@example.net,935 Thompson Viaduct Apt. 448,Port Lanceton,VI,72829
9,Timothy,Jones,2533069247,lgreen@example.org,6254 Megan Extensions Suite 416,New Donaldton,MT,5349
10,Richard,Clark,2533069247,ellisonandrew@example.com,7553 Stephanie Summit,West Andrea,AR,40640
11,Michael,Lane,9856295114,jose64@example.net,1184 Kaitlin Shore Apt. 314,Taylorfurt,VA,3042
12,Craig,Harris,9239964912,alec93@example.net,8351 Johnson Creek Suite 823,South Donaldport,MI,90276
13,Larry,Lee,4643253129,padams@example.net,8305 Joseph Ports Suite 182,Coreyside,VT,41097
14,Jeffrey,Nguyen,4062615857,pricecheryl@example.org,08719 Armstrong Ports,North Rachel,MS,93504
15,Theresa,Bryant,4644373965,john91@example.org,69200 Ruth Via,Brendaland,OK,59040
16,Todd,Howell,8776636915,ncollier@example.net,47766 Janet Passage,Nguyenhaven,ID,4298
17,Keith,Cooper,4336402678,williamnixon@example.net,56093 Sherry Inlet Suite 596,Spencerside,LA,69560
18,Jenna,Davis,2615178283,ryan20@example.org,14452 Patrick Squares,Dunlapmouth,MD,97031
19,Michael,Perkins,4249619559,mirandamckee@example.com,24923 Little Terrace,Buchananville,MD,72060
20,Angel,Hamilton,3272972123,deborah71@example.org,63193 Howard Court Suite 122,Dunnshire,GA,31592
